{"accuracy": [0.26669448614120483, 0.4972454011440277, 0.6039232015609741, 0.6758764386177063, 0.7267946600914001, 0.7655258774757385, 0.8035058379173279, 0.8298831582069397, 0.8623539209365845, 0.8758764863014221, 0.8989983201026917, 0.9097662568092346, 0.9233722686767578, 0.9357262253761292, 0.939399003982544, 0.9504173398017883, 0.9537562727928162, 0.9622704386711121, 0.9564273953437805, 0.9666110277175903, 0.9686143398284912, 0.976961612701416, 0.9711185097694397, 0.9752086997032166, 0.9760434031486511, 0.9774624109268188, 0.9806343913078308, 0.9783806204795837, 0.9786310791969299, 0.985141932964325], "loss": [1.9913982152938843, 1.4324984550476074, 1.1406863927841187, 0.9550743103027344, 0.8107337951660156, 0.6836932301521301, 0.5870593786239624, 0.5048818588256836, 0.4114146828651428, 0.3629336953163147, 0.29779738187789917, 0.26878607273101807, 0.22859527170658112, 0.19181059300899506, 0.17998720705509186, 0.1562652289867401, 0.14209789037704468, 0.11101796478033066, 0.12414608895778656, 0.09981629997491837, 0.09394748508930206, 0.07403566688299179, 0.08689036220312119, 0.0745360478758812, 0.07042139023542404, 0.06969598680734634, 0.06005602702498436, 0.06542117148637772, 0.0631977915763855, 0.04433247447013855], "val_accuracy": [0.3883138597011566, 0.5592654347419739, 0.6560934782028198, 0.7228714227676392, 0.7425709366798401, 0.7415692806243896, 0.7786310315132141, 0.8196995258331299, 0.8257095217704773, 0.8317195177078247, 0.8657763004302979, 0.86243736743927, 0.85409015417099, 0.8594323992729187, 0.8854758143424988, 0.8787980079650879, 0.8848080039024353, 0.8888146877288818, 0.8954924941062927, 0.8874791264533997, 0.8931552767753601, 0.8934891223907471, 0.8971619606018066, 0.8921535611152649, 0.8928213715553284, 0.9058430790901184, 0.8981636166572571, 0.9025041460990906, 0.9198664426803589, 0.9021703004837036], "val_loss": [1.6505217552185059, 1.2523374557495117, 0.9805912971496582, 0.8186926245689392, 0.7606686353683472, 0.78059983253479, 0.6438031196594238, 0.5442180037498474, 0.5247774124145508, 0.5224987864494324, 0.4282185137271881, 0.40869706869125366, 0.4408026337623596, 0.4742564558982849, 0.3609194755554199, 0.407619833946228, 0.37717321515083313, 0.3705498278141022, 0.35976162552833557, 0.3632170259952545, 0.3631414473056793, 0.4314115643501282, 0.37200936675071716, 0.42058244347572327, 0.45106762647628784, 0.3409917950630188, 0.40378710627555847, 0.3413347899913788, 0.2990756630897522, 0.3536830246448517]}